"Cluster","App.Usage.Time..min.day.","Screen.On.Time..hours.day.","Battery.Drain..mAh.day.","Number.of.Apps.Installed","Data.Usage..MB.day.","Age","User.Behavior.Class"
"1",97.468085106383,2.29148936170213,676.996453900709,22.9432624113475,331.287234042553,38.436170212766,1.5177304964539
"2",540.686131386861,10.0985401459854,2698.32116788321,89.1678832116788,1971.13868613139,38.0656934306569,4.99270072992701
"3",313.985765124555,5.91174377224199,1804.37010676157,59.7544483985765,1022.60142348754,38.7330960854093,3.49110320284698
